{"cameraMode":{"drawMode":0,"name":"Shaded","section":"Shading Mode"},"sceneLighting":true,"audioPlay":false,"sceneViewState":{"m_AlwaysRefresh":false,"showFog":true,"showSkybox":true,"showFlares":true,"showImageEffects":true,"showParticleSystems":true,"showVisualEffectGraphs":true,"m_FxEnabled":true},"in2DMode":false,"pivot":{"x":0.000706791877746582,"y":1.6913676261901856,"z":-5.289999961853027},"rotation":{"x":0.26307928562164309,"y":0.7155270576477051,"z":-0.34299612045288088,"w":0.5488139390945435},"size":12.461819648742676,"orthographic":false}