{"cameraMode":{"drawMode":0,"name":"Shaded","section":"Shading Mode"},"sceneLighting":true,"audioPlay":false,"sceneViewState":{"m_AlwaysRefresh":false,"showFog":true,"showSkybox":true,"showFlares":true,"showImageEffects":true,"showParticleSystems":true,"showVisualEffectGraphs":true,"m_FxEnabled":true},"in2DMode":false,"pivot":{"x":0.2791443169116974,"y":-0.35846471786499026,"z":7.751909255981445},"rotation":{"x":0.1048029214143753,"y":-0.008950307033956051,"z":0.0009432567749172449,"w":0.9944525957107544},"size":4.705178260803223,"orthographic":false}