{"cameraMode":{"drawMode":0,"name":"Shaded","section":"Shading Mode"},"sceneLighting":true,"audioPlay":false,"sceneViewState":{"m_AlwaysRefresh":false,"showFog":true,"showSkybox":true,"showFlares":true,"showImageEffects":true,"showParticleSystems":true,"showVisualEffectGraphs":true,"m_FxEnabled":true},"in2DMode":false,"pivot":{"x":-0.6790162920951843,"y":1.3219358921051026,"z":12.82793140411377},"rotation":{"x":-0.037474144250154498,"y":0.030270516872406007,"z":-0.0011359588243067265,"w":-0.9988388419151306},"size":9.751117706298829,"orthographic":false}